Artist,Mean rating,Agreeableness,Anger,Anticipation,Arrogance,Disagreeableness,Disgust,Fear,Gratitude,Happiness,Humility,Love,Optimism,Pessimism,Regret,Sadness,Shame,Shyness,Surprise,Trust,Neutral
Barnett Newman,-1.7,0.0,0.0,0.4,0.0,0.2,0.1,0.0,0.0,0.0,0.0,0.0,0.1,0.1,0.0,0.0,0.1,0.0,0.6,0.1,0.0
Charlotte Posenenske,0.2,0.0,0.0,0.3,0.0,0.0,0.2,0.0,0.0,0.0,0.1,0.0,0.0,0.0,0.0,0.1,0.0,0.0,0.5,0.0,0.0
Mark Rothko,-0.27,0.0,0.0,0.182,0.0,0.091,0.0,0.182,0.0,0.0,0.0,0.0,0.091,0.182,0.0,0.455,0.0,0.0,0.182,0.091,0.091
Rupprecht Geiger,-0.09,0.091,0.0,0.182,0.0,0.091,0.091,0.0,0.0,0.0,0.0,0.091,0.273,0.0,0.0,0.0,0.0,0.0,0.455,0.0,0.091
William Turnbull,-0.48333333333333334,0.0,0.03333333333333333,0.18333333333333335,0.03333333333333333,0.06666666666666667,0.25566666666666665,0.03333333333333333,0.0,0.06666666666666667,0.06666666666666667,0.02766666666666667,0.02766666666666667,0.02766666666666667,0.0,0.0,0.0,0.03333333333333333,0.42766666666666664,0.05566666666666666,0.0
